{"digest":"5324232f5c075453954d27e7f81d81ca30b048cf","css":".styleguide {\n  position: relative;\n  overflow: auto;\n}\n.styleguide section.collapsed {\n  opacity: .6;\n  padding-top: 10px;\n  padding-bottom: 10px;\n}\n.styleguide section.collapsed:hover {\n  opacity: 1;\n}\n.styleguide section.collapsed > .section-heading {\n  display: block;\n  margin: 0;\n}\n.styleguide section.collapsed > * {\n  display: none;\n}\n.styleguide section .section-heading {\n  cursor: pointer;\n  font-weight: bold;\n  color: #000000;\n}\n.styleguide section .section-heading:hover {\n  color: #000000;\n  font-weight: bold;\n  cursor: pointer;\n}\n.styleguide section[data-name=\"styleguide\"] {\n  border-top: none;\n  padding-top: 0;\n}\n.styleguide .overlay,\n.styleguide .popover-list {\n  position: relative;\n}\n.styleguide .select-list .editor.mini,\n.styleguide .popover-list .editor.mini {\n  height: 27px;\n}\n.styleguide .tooltip {\n  position: relative;\n  opacity: 1;\n  display: inline-block;\n  margin-right: 10px;\n}\n.styleguide .btn-collapse-all {\n  position: absolute;\n  right: 10px;\n  top: 10px;\n  z-index: 100;\n}\n.example {\n  display: -webkit-flex;\n  border: 1px solid #9f9f9f;\n  border-radius: 2px;\n  margin: 10px 0;\n}\n.example > * {\n  width: 50%;\n}\n.example .example-rendered {\n  position: relative;\n  padding: 10px;\n  background: #f9f9f9;\n  border-radius: 2px 0 0 2px;\n}\n.example .example-rendered .ui-site-1,\n.example .example-rendered .ui-site-2,\n.example .example-rendered .ui-site-3,\n.example .example-rendered .ui-site-4,\n.example .example-rendered .ui-site-5 {\n  height: 10px;\n  width: 100px;\n}\n.example .example-code {\n  position: relative;\n  background-color: #ffffff;\n  border-top: 1px solid #f9f9f9;\n  border-right: 1px solid #f9f9f9;\n  border-bottom: 1px solid #f9f9f9;\n}\n.example .example-code.show-example-space-pen .example-space-pen {\n  display: block;\n}\n.example .example-code.show-example-html .example-html {\n  display: block;\n}\n.example .example-code .btn-group {\n  position: absolute;\n  top: 10px;\n  right: 10px;\n  z-index: 10;\n}\n.example .example-code .btn-group .btn.selected {\n  background-color: #222;\n}\n.example .example-code .editor-colors {\n  background-color: transparent;\n  display: none;\n  border: none;\n  -webkit-user-select: text;\n  padding: 10px;\n  border-radius: 0 2px 2px 0;\n}\n.example .example-code .editor-colors > div {\n  line-height: 1.4;\n}\n","imports":[{"path":"node_modules\\atom-light-ui\\stylesheets\\ui-variables.less","digest":"52b1d1f989f08c3e99d7d022921fdd3d29f01a97"},{"path":"node_modules\\base16-tomorrow-light-theme\\stylesheets\\syntax-variables.less","digest":"2242f9e572102a8684757d7ce787b12ffab7fade"},{"path":"node_modules\\base16-tomorrow-light-theme\\stylesheets\\colors.less","digest":"06c162cce43b8810beaebbd4fb69b9b622fb3362"}],"version":1}