{"digest":"75ba585731855bb633b50f1d4589476ed0d77840","css":".timecop {\n  background-color: #1d1f21;\n  overflow: auto;\n}\n.timecop .list-item {\n  margin-top: 10px;\n  margin-bottom: 10px;\n}\n.timecop .panels {\n  display: -webkit-flex;\n  -webkit-flex-direction: row;\n}\n.timecop .package-panel {\n  display: -webkit-flex;\n  -webkit-flex-direction: row;\n}\n.timecop .package-panel .list-group {\n  overflow: hidden;\n}\n.timecop .timing {\n  margin-bottom: 10px;\n}\n","imports":[{"path":"static\\variables\\octicon-mixins.less","digest":"6e82b251a0f069964e16b56280fc302046479591"},{"path":"static\\variables\\octicon-utf-codes.less","digest":"0d88874976c8b71e43223bedb437a9a75293455b"},{"path":"static\\variables\\octicon-utf-codes.less","digest":"0d88874976c8b71e43223bedb437a9a75293455b"},{"path":"node_modules\\atom-dark-ui\\stylesheets\\ui-variables.less","digest":"007225d4824d0b343e2b7cfa0a811bd1add6ec4a"}],"version":1}