{"digest":"c260643d6b74f517418f14a14c40693275431afe","css":".archive-editor {\n  background-color: #161719;\n  overflow: auto;\n}\n.archive-editor .archive-container {\n  height: 100%;\n  width: 100%;\n}\n.archive-editor .archive-container .inset-panel {\n  border-width: 0;\n}\n.archive-editor .archive-container .inset-panel .panel-heading {\n  border-radius: 0;\n}\n.archive-editor .archive-container .archive-tree {\n  padding: 5px;\n}\n","imports":[{"path":"node_modules\\atom-dark-ui\\stylesheets\\ui-variables.less","digest":"007225d4824d0b343e2b7cfa0a811bd1add6ec4a"}],"version":1}