{"digest":"69d68c75551c385eba41288135e62d9f30b49ed5","css":".editor .lines .markup.git-commit.changed {\n  color: #b58900;\n}\n.editor .lines .markup.git-commit.deleted {\n  color: #dc322f;\n}\n.editor .lines .markup.git-commit.inserted {\n  color: #859900;\n}\n@-webkit-keyframes flash {\n  from {\n    background-color: #93a1a1;\n  }\n  to {\n    background-color: null;\n  }\n}\n.editor .flash.selection .region {\n  -webkit-animation-name: flash;\n  -webkit-animation-duration: .5s;\n  -webkit-animation-iteration-count: 1;\n}\n","imports":[{"path":"node_modules\\solarized-dark-syntax\\stylesheets\\syntax-variables.less","digest":"8672552cd8241d7287d958224bdcb543861230ad"},{"path":"node_modules\\solarized-dark-syntax\\stylesheets\\variables.less","digest":"49f60de6194461f138a8d698afa74bb164252b75"}],"version":1}