{"digest":"c260643d6b74f517418f14a14c40693275431afe","css":".archive-editor {\n  background-color: #ffffff;\n  overflow: auto;\n}\n.archive-editor .archive-container {\n  height: 100%;\n  width: 100%;\n}\n.archive-editor .archive-container .inset-panel {\n  border-width: 0;\n}\n.archive-editor .archive-container .inset-panel .panel-heading {\n  border-radius: 0;\n}\n.archive-editor .archive-container .archive-tree {\n  padding: 5px;\n}\n","imports":[{"path":"node_modules\\atom-light-ui\\stylesheets\\ui-variables.less","digest":"52b1d1f989f08c3e99d7d022921fdd3d29f01a97"}],"version":1}