{"digest":"ba7941c1a36534fa8f809c34f4fc6d395107f06b","css":".info-messages,\n.error-messages {\n  margin: 0;\n  padding: 0;\n  list-style: none;\n}\n.error-messages {\n  color: #cc0000;\n}\nul.background-message {\n  font-size: 33px;\n  margin: 0;\n  padding: 0;\n}\nul.background-message li {\n  margin: 0;\n  padding: 0;\n  list-style: none;\n}\nul.background-message.centered {\n  display: -webkit-flex;\n  position: absolute;\n  top: 0;\n  left: 0;\n  right: 0;\n  bottom: 0;\n  -webkit-align-items: center;\n  text-align: center;\n}\nul.background-message.centered li {\n  width: 100%;\n}\n","imports":[{"path":"node_modules\\atom-light-ui\\stylesheets\\ui-variables.less","digest":"52b1d1f989f08c3e99d7d022921fdd3d29f01a97"}],"version":1}