{"digest":"7123661f00ab8668ee0e18c6a44076099424ef08","css":".panel {\n  border-radius: 0;\n  border: none;\n  background-color: transparent;\n  box-shadow: none;\n}\n.panel.bordered .panel-heading {\n  border-radius: 2px 2px 0 0;\n}\n.inset-panel .panel-heading {\n  border-radius: 2px 2px 0 0;\n}\n.panel-heading {\n  margin: 0;\n  border-radius: 0;\n  font-size: 11px;\n  line-height: 1;\n}\n.panel-heading .btn {\n  height: 20px;\n  line-height: 20px;\n  font-size: 9px;\n  position: relative;\n  top: -5px;\n}\n","imports":[{"path":"node_modules\\atom-light-ui\\stylesheets\\ui-variables.less","digest":"52b1d1f989f08c3e99d7d022921fdd3d29f01a97"}],"version":1}