{"digest":"69d68c75551c385eba41288135e62d9f30b49ed5","css":".editor .lines .markup.git-commit.changed {\n  color: #e9c062;\n}\n.editor .lines .markup.git-commit.deleted {\n  color: #cc6666;\n}\n.editor .lines .markup.git-commit.inserted {\n  color: #a8ff60;\n}\n@-webkit-keyframes flash {\n  from {\n    background-color: #eeeeee;\n  }\n  to {\n    background-color: null;\n  }\n}\n.editor .flash.selection .region {\n  -webkit-animation-name: flash;\n  -webkit-animation-duration: .5s;\n  -webkit-animation-iteration-count: 1;\n}\n","imports":[{"path":"node_modules\\atom-dark-syntax\\stylesheets\\syntax-variables.less","digest":"8b5f85b60f779119a3c52d91b12daeaec351c6e8"}],"version":1}