{"digest":"a007d027172ad27e7d5790c155043c778379fe89","css":"@font-face {\n  font-family: 'Octicons Regular';\n  src: url(\"octicons.woff\") format(\"woff\");\n  font-weight: normal;\n  font-style: normal;\n}\nhtml,\nbody {\n  width: 100%;\n  height: 100%;\n  overflow: hidden;\n  font-family: 'Lucida Grande', 'Segoe UI', sans-serif;\n  font-size: 11px;\n}\nh1,\nh2,\nh3,\nh4,\nh5,\nh6 {\n  font-family: 'Lucida Grande', 'Segoe UI', sans-serif;\n}\n.workspace {\n  height: 100%;\n  overflow: hidden;\n  position: relative;\n  background-color: #cccccc;\n  font-family: 'Lucida Grande', 'Segoe UI', sans-serif;\n}\n.workspace .horizontal {\n  display: -webkit-flex;\n  height: 100%;\n}\n.workspace .vertical {\n  display: -webkit-flex;\n  -webkit-flex: 1;\n  -webkit-flex-flow: column;\n}\n","imports":[{"path":"node_modules\\atom-light-ui\\stylesheets\\ui-variables.less","digest":"52b1d1f989f08c3e99d7d022921fdd3d29f01a97"},{"path":"static\\variables\\octicon-mixins.less","digest":"6e82b251a0f069964e16b56280fc302046479591"},{"path":"static\\variables\\octicon-utf-codes.less","digest":"0d88874976c8b71e43223bedb437a9a75293455b"},{"path":"static\\variables\\octicon-utf-codes.less","digest":"0d88874976c8b71e43223bedb437a9a75293455b"}],"version":1}