{"digest":"653306385c23f6dbafeee59b73a9ec41ddf0e5f3","css":".editor-colors {\n  background-color: #1d1f21;\n  color: #c5c8c6;\n}\n.editor {\n  background-color: #1d1f21;\n  color: #c5c8c6;\n}\n.editor .wrap-guide {\n  background-color: #282a2e;\n}\n.editor .indent-guide {\n  color: #373b41;\n}\n.editor .invisible-character {\n  color: #373b41;\n}\n.editor .gutter {\n  background-color: #282a2e;\n  border-right: 2px solid #373b41;\n  color: #c5c8c6;\n}\n.editor .gutter .line-number {\n  padding: 0 0.25em 0 0.5em;\n}\n.editor .gutter .line-number.cursor-line {\n  background-color: #373b41;\n  color: #c5c8c6;\n}\n.editor .gutter .line-number.cursor-line-no-selection {\n  color: #c5c8c6;\n}\n.editor .gutter .line-number.folded,\n.editor .gutter .line-number:after,\n.editor .fold-marker:after {\n  color: #969896;\n}\n.editor .scroll-view {\n  padding-left: 10px;\n}\n.editor .invisible {\n  color: #c5c8c6;\n}\n.editor .cursor {\n  color: #ffffff;\n}\n.editor .selection .region {\n  background-color: #404349;\n}\n.comment {\n  color: #969896;\n}\n.entity.name.type {\n  color: #f0c674;\n  text-decoration: underline;\n}\n.entity.other.inherited-class {\n  color: #b5bd68;\n}\n.keyword {\n  color: #b294bb;\n}\n.keyword.control {\n  color: #b294bb;\n}\n.keyword.operator {\n  color: #c5c8c6;\n}\n.keyword.other.special-method {\n  color: #81a2be;\n}\n.keyword.other.unit {\n  color: #de935f;\n}\n.storage {\n  color: #b294bb;\n}\n.constant {\n  color: #de935f;\n}\n.constant.character.escape {\n  color: #8abeb7;\n}\n.constant.numeric {\n  color: #de935f;\n}\n.constant.other.color {\n  color: #8abeb7;\n}\n.constant.other.symbol {\n  color: #b5bd68;\n}\n.variable {\n  color: #cc6666;\n}\n.variable.interpolation {\n  color: #a3685a;\n}\n.variable.parameter.function {\n  color: #c5c8c6;\n}\n.invalid.illegal {\n  background-color: #cc6666;\n  color: #1d1f21;\n}\n.string {\n  color: #b5bd68;\n}\n.string.regexp {\n  color: #8abeb7;\n}\n.string.regexp .source.ruby.embedded {\n  color: #ff8000;\n}\n.string.other.link {\n  color: #cc6666;\n}\n.punctuation.definition.comment {\n  color: #969896;\n}\n.punctuation.definition.parameters,\n.punctuation.definition.array {\n  color: #c5c8c6;\n}\n.punctuation.definition.heading,\n.punctuation.definition.identity {\n  color: #81a2be;\n}\n.punctuation.definition.bold {\n  color: #f0c674;\n  font-weight: bold;\n}\n.punctuation.definition.italic {\n  color: #b294bb;\n  font-style: italic;\n}\n.punctuation.section.embedded {\n  color: #a3685a;\n}\n.support.class {\n  color: #f0c674;\n}\n.support.function {\n  color: #8abeb7;\n}\n.support.function.any-method {\n  color: #81a2be;\n}\n.entity.name.function {\n  color: #81a2be;\n}\n.entity.name.class,\n.entity.name.type.class {\n  color: #f0c674;\n}\n.entity.name.section {\n  color: #81a2be;\n}\n.entity.name.tag {\n  color: #cc6666;\n  text-decoration: underline;\n}\n.entity.other.attribute-name {\n  color: #de935f;\n}\n.entity.other.attribute-name.id {\n  color: #81a2be;\n}\n.meta.class {\n  color: #f0c674;\n}\n.meta.link {\n  color: #de935f;\n}\n.meta.require {\n  color: #81a2be;\n}\n.meta.selector {\n  color: #b294bb;\n}\n.meta.separator {\n  background-color: #373b41;\n  color: #c5c8c6;\n}\n.meta.tag {\n  color: #c5c8c6;\n}\n.none {\n  color: #c5c8c6;\n}\n.markup.bold {\n  color: #de935f;\n  font-weight: bold;\n}\n.markup.changed {\n  color: #b294bb;\n}\n.markup.deleted {\n  color: #cc6666;\n}\n.markup.italic {\n  color: #b294bb;\n  font-style: italic;\n}\n.markup.heading .punctuation.definition.heading {\n  color: #81a2be;\n}\n.markup.inserted {\n  color: #b5bd68;\n}\n.markup.list {\n  color: #cc6666;\n}\n.markup.quote {\n  color: #de935f;\n}\n.markup.raw.inline {\n  color: #b5bd68;\n}\n.source.gfm .markup {\n  -webkit-font-smoothing: auto;\n}\n.source.gfm .markup.heading {\n  color: #cc6666;\n}\n.source.gfm .markup.link {\n  color: #81a2be;\n}\n.source.gfm .link .entity {\n  color: #8abeb7;\n}\n.editor.mini .scroll-view {\n  padding-left: 1px;\n}\n","imports":[{"path":"node_modules\\base16-tomorrow-dark-theme\\stylesheets\\syntax-variables.less","digest":"f1d98191a67836664c6be44d33c8fa45bda0e980"},{"path":"node_modules\\base16-tomorrow-dark-theme\\stylesheets\\colors.less","digest":"8ea2d23cd9c90cb10febfb3e4bc48855bd2cf3d7"}],"version":1}