{"digest":"21ca3ba283812f2f245dcac26accd40f43833cc2","css":".btn {\n  color: #aaaaaa;\n  border-radius: 2px;\n  border: none;\n  text-shadow: none;\n  height: 27px;\n  line-height: 25px;\n  padding: 0 10px;\n  font-size: 11px;\n  z-index: 0;\n  background-color: #43484d;\n}\n.btn:hover {\n  background-color: #4f555b;\n}\n.btn.selected,\n.btn.selected:hover {\n  z-index: 1;\n  background-color: #5c6064;\n}\n.btn.btn-xs,\n.btn-group-xs > .btn {\n  padding: 2.5px 5px;\n  font-size: 9px;\n  height: auto;\n  line-height: 1.3em;\n}\n.btn.btn-sm,\n.btn-group-sm > .btn {\n  padding: 2.5px 5px;\n  height: auto;\n  line-height: 1.3em;\n}\n.btn.btn-lg,\n.btn-group-lg > .btn {\n  font-size: 13px;\n  padding: 8px 12px;\n  height: auto;\n  line-height: 1.3em;\n}\n.btn-group > .btn {\n  border-left: 1px solid rgba(0, 0, 0, 0.5);\n  border-right: 1px solid rgba(0, 0, 0, 0.5);\n}\n.btn-group > .btn:first-child {\n  border-left: none;\n  border-top-left-radius: 2px;\n  border-bottom-left-radius: 2px;\n}\n.btn-group > .btn:last-child,\n.btn-group > .btn.selected:last-child,\n.btn-group > .dropdown-toggle {\n  border-right: none;\n  border-top-right-radius: 2px;\n  border-bottom-right-radius: 2px;\n}\n.btn-toolbar > .btn-group + .btn-group,\n.btn-toolbar > .btn-group + .btn,\n.btn-toolbar > .btn + .btn {\n  float: none;\n  display: inline-block;\n  margin-left: 0;\n}\n.btn-toolbar > * {\n  margin-right: 5px;\n}\n.btn-toolbar > *:last-child {\n  margin-right: 0;\n}\n","imports":[{"path":"node_modules\\atom-dark-ui\\stylesheets\\ui-variables.less","digest":"007225d4824d0b343e2b7cfa0a811bd1add6ec4a"}],"version":1}