{"digest":"4cec915386968792c0fb0b3998885a5ae47196d5","css":".list-group,\n.list-group .list-group-item {\n  background-color: transparent;\n  border: none;\n  padding: 0;\n  margin: 0;\n  position: static;\n}\n.list-group,\n.list-tree {\n  margin: 0;\n  padding: 0;\n  list-style: none;\n  cursor: default;\n}\n.list-group li:not(.list-nested-item),\n.list-tree li:not(.list-nested-item),\n.list-group li.list-nested-item > .list-item,\n.list-tree li.list-nested-item > .list-item {\n  line-height: 25px;\n  text-wrap: none;\n  white-space: nowrap;\n}\n.list-group .selected:before,\n.list-tree .selected:before {\n  content: '';\n  background-color: #4182c4;\n  position: absolute;\n  left: 0;\n  right: 0;\n  height: 25px;\n}\n.list-group .selected > *,\n.list-tree .selected > * {\n  position: relative;\n}\n.list-group .icon:before,\n.list-tree .icon:before {\n  margin-right: 5px;\n  position: relative;\n  top: 1px;\n}\n.list-group .no-icon,\n.list-tree .no-icon {\n  padding-left: 21px;\n}\n.list-tree .list-nested-item > .list-tree > li,\n.list-tree .list-nested-item > .list-group > li {\n  padding-left: 21px;\n}\n.list-tree.has-collapsable-children li.list-item {\n  margin-left: 17px;\n}\n.list-tree.has-collapsable-children .list-nested-item.collapsed > .list-group,\n.list-tree.has-collapsable-children .list-nested-item.collapsed > .list-tree {\n  display: none;\n}\n.list-tree.has-collapsable-children .list-nested-item > .list-item:before {\n  font-family: 'Octicons Regular';\n  font-weight: normal;\n  font-style: normal;\n  display: inline-block;\n  line-height: 1;\n  -webkit-font-smoothing: antialiased;\n  text-decoration: none;\n  font-size: 12px;\n  width: 12px;\n  height: 12px;\n  content: \"\\f0a3\";\n}\n.list-tree.has-collapsable-children .list-nested-item > .list-item:before {\n  position: relative;\n  top: -1px;\n  margin-right: 5px;\n}\n.list-tree.has-collapsable-children .list-nested-item.collapsed > .list-item:before {\n  font-family: 'Octicons Regular';\n  font-weight: normal;\n  font-style: normal;\n  display: inline-block;\n  line-height: 1;\n  -webkit-font-smoothing: antialiased;\n  text-decoration: none;\n  font-size: 12px;\n  width: 12px;\n  height: 12px;\n  content: \"\\f078\";\n}\n.list-tree.has-collapsable-children .list-nested-item.collapsed > .list-item:before {\n  left: 1px;\n}\n.list-tree.has-collapsable-children .list-nested-item > .list-tree > li,\n.list-tree.has-collapsable-children .list-nested-item > .list-group > li {\n  padding-left: 17px;\n}\n.list-tree.has-collapsable-children .has-flat-children li.list-item,\n.list-tree.has-collapsable-children.has-flat-children li.list-item {\n  margin-left: 0;\n}\n","imports":[{"path":"node_modules\\atom-dark-ui\\stylesheets\\ui-variables.less","digest":"007225d4824d0b343e2b7cfa0a811bd1add6ec4a"},{"path":"static\\variables\\octicon-mixins.less","digest":"6e82b251a0f069964e16b56280fc302046479591"},{"path":"static\\variables\\octicon-utf-codes.less","digest":"0d88874976c8b71e43223bedb437a9a75293455b"},{"path":"static\\variables\\octicon-utf-codes.less","digest":"0d88874976c8b71e43223bedb437a9a75293455b"}],"version":1}