{"digest":"854a191e044c7b57af5be948ada7f793d684b04b","css":".overlay {\n  position: absolute;\n  left: 50%;\n  width: 500px;\n  margin-left: -250px;\n  z-index: 9999;\n  box-sizing: border-box;\n  background-color: #fff;\n  padding: 10px;\n}\n.overlay h1 {\n  margin-top: 0;\n  color: #ffffff;\n  font-size: 1.6em;\n  font-weight: bold;\n}\n.overlay h2 {\n  font-size: 1.3em;\n}\n.overlay .editor.mini {\n  margin-bottom: 10px;\n}\n.overlay .message {\n  padding-top: 5px;\n  font-size: 11px;\n}\n.overlay.mini {\n  width: 200px;\n  margin-left: -100px;\n  font-size: 12px;\n}\n.overlay.from-top {\n  top: 0;\n  border-top: none;\n  border-top-left-radius: 0;\n  border-top-right-radius: 0;\n}\n.overlay.from-bottom {\n  bottom: 0;\n  border-bottom: none;\n  border-bottom-left-radius: 0;\n  border-bottom-right-radius: 0;\n}\n.overlay.floating {\n  left: auto;\n}\n","imports":[{"path":"node_modules\\atom-dark-ui\\stylesheets\\ui-variables.less","digest":"007225d4824d0b343e2b7cfa0a811bd1add6ec4a"}],"version":1}