{"digest":"69d68c75551c385eba41288135e62d9f30b49ed5","css":".editor .lines .markup.git-commit.changed {\n  color: #de935f;\n}\n.editor .lines .markup.git-commit.deleted {\n  color: #cc6666;\n}\n.editor .lines .markup.git-commit.inserted {\n  color: #b5bd68;\n}\n@-webkit-keyframes flash {\n  from {\n    background-color: #c5c8c6;\n  }\n  to {\n    background-color: null;\n  }\n}\n.editor .flash.selection .region {\n  -webkit-animation-name: flash;\n  -webkit-animation-duration: .5s;\n  -webkit-animation-iteration-count: 1;\n}\n","imports":[{"path":"node_modules\\base16-tomorrow-dark-theme\\stylesheets\\syntax-variables.less","digest":"f1d98191a67836664c6be44d33c8fa45bda0e980"},{"path":"node_modules\\base16-tomorrow-dark-theme\\stylesheets\\colors.less","digest":"8ea2d23cd9c90cb10febfb3e4bc48855bd2cf3d7"}],"version":1}