{"digest":"bb2a5443b2b28a9d77edefd80514a2e638331f86","css":":focus {\n  outline: none;\n}\n.pull-center {\n  margin-left: auto;\n  margin-right: auto;\n}\n.padded {\n  padding: 10px;\n}\nul.block,\ndiv.block {\n  margin-bottom: 10px;\n}\ndiv > ul.block:last-child,\ndiv > div.block:last-child {\n  margin-bottom: 0;\n}\n.inline-block,\n.inline-block-tight {\n  display: inline-block;\n  vertical-align: middle;\n}\n.inline-block {\n  margin-right: 10px;\n}\n.inline-block-tight {\n  margin-right: 5px;\n}\ndiv > .inline-block:last-child,\ndiv > .inline-block-tight:last-child {\n  margin-right: 0;\n}\n.inline-block .inline-block {\n  vertical-align: top;\n}\n.pull-right .inline-block {\n  margin-right: 0;\n  margin-left: 10px;\n}\n.pull-right .inline-block-tight {\n  margin-right: 0;\n  margin-left: 5px;\n}\n.pull-right > .inline-block:first-child,\n.pull-right > .inline-block-tight:first-child {\n  margin-left: 0;\n}\n.error {\n  -webkit-animation: flash-error 0.3s ease-in;\n}\n@-webkit-keyframes flash-error {\n  0% {\n    background: #cc0000;\n  }\n  100% {\n    background: auto;\n  }\n}\n","imports":[{"path":"node_modules\\atom-dark-ui\\stylesheets\\ui-variables.less","digest":"007225d4824d0b343e2b7cfa0a811bd1add6ec4a"}],"version":1}