{"digest":"50fa903df2eeffb5fb12c7351aa7c6e736fa3a69","css":".editor .gutter .line-number.git-line-modified {\n  border-left: 2px solid #ff982d;\n  padding-left: calc(0.5em - 2px);\n}\n.editor .gutter .line-number.git-line-added {\n  border-left: 2px solid #718c00;\n  padding-left: calc(0.5em - 2px);\n}\n.editor .gutter .line-number.git-line-removed:before {\n  position: absolute;\n  left: 0;\n  bottom: -4px;\n  height: 0;\n  width: 0;\n  content: \" \";\n  border: solid transparent;\n  border-left-color: #dd1144;\n  border-width: 4px;\n  margin-top: -4px;\n  pointer-events: none;\n}\n.editor .gutter.git-diff-icon .line-number {\n  width: 100%;\n  border-left: none;\n  padding-left: 0.4em;\n}\n.editor .gutter.git-diff-icon .line-number:before {\n  font-family: 'Octicons Regular';\n  src: url(\"octicons.woff\") format(\"woff\");\n  font-weight: normal;\n  font-style: normal;\n  display: inline-block;\n  position: relative;\n  top: -0.05em;\n  height: 0px;\n  width: 1em;\n  content: \" \";\n  padding-right: 0.4em;\n  font-size: .95em;\n}\n.editor .gutter.git-diff-icon .line-number.git-line-modified:before {\n  content: \"\\f052\";\n  color: #ff982d;\n}\n.editor .gutter.git-diff-icon .line-number.git-line-added:before {\n  content: \"\\f05d\";\n  color: #718c00;\n}\n.editor .gutter.git-diff-icon .line-number.git-line-removed:before {\n  border: none;\n  content: \"\\f0ca\";\n  color: #dd1144;\n  position: relative;\n  top: .6em;\n}\n","imports":[{"path":"node_modules\\atom-light-syntax\\stylesheets\\syntax-variables.less","digest":"77b0e9b65a165a253d592ff99cf8e4bb47874d0b"},{"path":"static\\variables\\octicon-utf-codes.less","digest":"0d88874976c8b71e43223bedb437a9a75293455b"},{"path":"static\\variables\\octicon-mixins.less","digest":"6e82b251a0f069964e16b56280fc302046479591"},{"path":"static\\variables\\octicon-utf-codes.less","digest":"0d88874976c8b71e43223bedb437a9a75293455b"},{"path":"static\\variables\\octicon-utf-codes.less","digest":"0d88874976c8b71e43223bedb437a9a75293455b"}],"version":1}