{"digest":"69d68c75551c385eba41288135e62d9f30b49ed5","css":".editor .lines .markup.git-commit.changed {\n  color: #ff982d;\n}\n.editor .lines .markup.git-commit.deleted {\n  color: #dd1144;\n}\n.editor .lines .markup.git-commit.inserted {\n  color: #718c00;\n}\n@-webkit-keyframes flash {\n  from {\n    background-color: #6699cc;\n  }\n  to {\n    background-color: null;\n  }\n}\n.editor .flash.selection .region {\n  -webkit-animation-name: flash;\n  -webkit-animation-duration: .5s;\n  -webkit-animation-iteration-count: 1;\n}\n","imports":[{"path":"node_modules\\atom-light-syntax\\stylesheets\\syntax-variables.less","digest":"77b0e9b65a165a253d592ff99cf8e4bb47874d0b"}],"version":1}