{"digest":"3606825a3654f5f911ed77971ffa1d41a002526e","css":".tree-view-resizer {\n  position: relative;\n  height: 100%;\n  overflow: hidden;\n  cursor: default;\n  -webkit-user-select: none;\n  min-width: 100px;\n  width: 200px;\n  z-index: 2;\n}\n.tree-view-resizer .tree-view-resize-handle {\n  position: absolute;\n  top: 0;\n  bottom: 0;\n  width: 10px;\n  cursor: col-resize;\n  z-index: 3;\n}\n.tree-view-resizer[data-show-on-right-side='true'] .tree-view-resize-handle {\n  left: -5px;\n}\n.tree-view-resizer[data-show-on-right-side='false'] .tree-view-resize-handle {\n  right: -5px;\n}\n.tree-view-scroller {\n  height: 100%;\n  width: 100%;\n  overflow: auto;\n}\n.tree-view {\n  min-width: -webkit-min-content;\n  min-height: 100%;\n  padding-left: 5px;\n  padding-right: 10px;\n  position: relative;\n}\n.tree-view .entry:before {\n  content: '';\n  position: absolute;\n}\n.platform-win32 .tree-view-resizer .tree-view-resize-handle {\n  cursor: ew-resize;\n}\n","imports":[{"path":"node_modules\\atom-dark-ui\\stylesheets\\ui-variables.less","digest":"007225d4824d0b343e2b7cfa0a811bd1add6ec4a"}],"version":1}