{"digest":"ff2213745e76e3389f6a105f4604ded1e304d768","css":".deprecation-cop-status .icon.icon-alert:before {\n  width: 17px;\n}\n.deprecation-cop {\n  overflow: auto;\n  -webkit-flex: 1;\n  background-color: #cccccc !important;\n}\n.deprecation-cop .deprecation-info {\n  padding: 0 10px;\n}\n.deprecation-cop .deprecation-info:hover {\n  background-color: #6aa5e9 !important;\n}\n.deprecation-cop .collapsed > ul {\n  display: none;\n}\n.deprecation-cop .list {\n  list-style-type: none;\n  padding: 0;\n}\n.deprecation-cop .stack-trace {\n  background-color: #f4f4f4;\n  padding: 10px;\n  margin-bottom: 10px;\n}\n.deprecation-cop a {\n  color: #000000;\n}\n","imports":[{"path":"node_modules\\atom-light-ui\\stylesheets\\ui-variables.less","digest":"52b1d1f989f08c3e99d7d022921fdd3d29f01a97"}],"version":1}