{"digest":"d3db1d5c752eddfa24b201f40b51ff6e4647eb01","css":".status-bar {\n  font-size: 11px;\n  line-height: 22px;\n  height: 26px;\n  position: relative;\n  -webkit-user-select: none;\n  cursor: default;\n  overflow: hidden;\n  white-space: nowrap;\n  min-width: -webkit-min-content;\n}\n.status-bar .flexbox-repaint-hack {\n  padding: 0 12.5px;\n  position: absolute;\n  top: 0;\n  right: 0;\n  bottom: 0;\n  left: 0;\n}\n.status-bar .icon:before {\n  font-size: 14px;\n  width: 14px;\n  height: 14px;\n  position: relative;\n  top: 1px;\n  margin-right: 0px;\n}\n.status-bar .icon-diff-ignored:before,\n.status-bar .commits-ahead-label:before,\n.status-bar .commits-behind-label:before {\n  margin-right: -1px;\n}\n.status-bar .buffer-modified:empty,\n.status-bar .current-path:empty,\n.status-bar .cursor-position:empty,\n.status-bar .selection-count:empty {\n  display: none;\n}\n","imports":[{"path":"node_modules\\atom-light-ui\\stylesheets\\ui-variables.less","digest":"52b1d1f989f08c3e99d7d022921fdd3d29f01a97"},{"path":"static\\variables\\octicon-mixins.less","digest":"6e82b251a0f069964e16b56280fc302046479591"},{"path":"static\\variables\\octicon-utf-codes.less","digest":"0d88874976c8b71e43223bedb437a9a75293455b"},{"path":"static\\variables\\octicon-utf-codes.less","digest":"0d88874976c8b71e43223bedb437a9a75293455b"}],"version":1}