{"digest":"325fb5f2f020cf9d14caf1093418868bef1d4183","css":".workspace .horizontal .vertical {\n  position: relative;\n}\nul.background-tips {\n  -webkit-user-select: none;\n  cursor: default;\n}\nul.background-tips li {\n  padding: 0 30px;\n}\nul.background-tips li .keystroke {\n  border: 2px solid;\n  padding: 0 5px;\n  border-radius: 6px;\n  font-family: Helvetica, Arial, sans-serif;\n}\n","imports":[{"path":"node_modules\\atom-dark-ui\\stylesheets\\ui-variables.less","digest":"007225d4824d0b343e2b7cfa0a811bd1add6ec4a"}],"version":1}